accuracy,train_loss,val_loss,mean_lr,time_elapsed
0.0,0.0,0.0,0.0,38.073650598526
0.11772665764546685,4.27822732925415,3.67926025390625,0.007268544685338093,38.073650598526
